Course_name,CourseID,CourseName,UniversityName_x,Year_mnth,University_shortName,UniversityName_y,Offering_country,Offering_university,Processed_Date,Processed_By,RowNumber
12345676M_Foundation to Data Engineering (University of California)-201902.csv,12345676M,Foundation to Data Engineering ,University of California,201902,University of California,University of California,USA,University of California,20/02/2020 06:44:55,ETL_USER,0
123454321_Bachelor of Arts (Nanyang Technological University)-201902.csv,123454321,Bachelor of Arts ,Nanyang Technological University,201902,Nanyang Technological University,Nanyang Technological University,Singapore,Nanyang Technological University,20/02/2020 06:44:55,ETL_USER,1
12332112_Foundation of Medicine (Nanyang Technological University Singapore)-201902.csv,12332112,Foundation of Medicine ,Nanyang Technological University,201902,Nanyang Technological University,Nanyang Technological University,Singapore,Nanyang Technological University,20/02/2020 06:44:55,ETL_USER,2
12332112_Intermdiate of Blockchain (NTU)-201902.csv,12332112,Intermdiate of Blockchain ,NTU,201902,NTU,Nanyang Technological University,Singapore,Nanyang Technological University,20/02/2020 06:44:55,ETL_USER,3
