Course_name,CourseID,CourseName,UniversityName_x,Year_mnth,University_shortName,UniversityName_y,Offering_country,Offering_university,CourseType,Processed_Date,Processed_By,RowNumber
11111111_An Introduction to American Law (University of Pennsylvania)-201902.csv,11111111,An Introduction to American Law ,University of Pennsylvania,201902,University of Pennsylvania,University of Pennsylvania,USA,University of Pennsylvania,Certificate,20/02/2020 06:44:53,ETL_USER,0
12345678_Business Analysis (penn)-201902.csv,12345678,Business Analysis ,penn,201902,penn,University of Pennsylvania,USA,University of Pennsylvania,Diploma,20/02/2020 06:44:53,ETL_USER,1
12343456_Foundation to Data Engineering (UC)-201902.csv,12343456,Foundation to Data Engineering ,UC,201902,UC,University of California,USA,University of California,Diploma,20/02/2020 06:44:53,ETL_USER,2
12346789_Foundation of politics (NTU)-201902.csv,12346789,Foundation of politics ,NTU,201902,NTU,Nanyang Technological University,Singapore,Nanyang Technological University,Diploma,20/02/2020 06:44:53,ETL_USER,3
